id,Order,Family,Genus,Species,Tax_authority,imageurl
1,Anura,Hylidae,Acris,crepitans,"Baired, 1854",http://www.virginiaherpetologicalsociety.com/amphibians/frogsandtoads/eastern-cricket-frog/Acris%20crepitans2%20Pittsylvania%20Co.jpg
10,Anura,Anomocoela,Aerugoamnis,paulus,"Henrici, Báez & Grande, 2013",http://blogs.scientificamerican.com/tetrapod-zoology/files/2014/12/Henrici-et-al-2013-Aerugoamnis-350-px-tiny-Dec-2014-Tetrapod-Zoology.jpg
11,Anura,Dendrobatidae,Ameerega,altamazonica,"Twomey & Brown, 2008",http://www.understoryenterprises.com/images/slider/Ameerega-altamazonica-juicungo1.gif
2,Anura,Arthroleptidae,Cardioglossa,elegans,"Boulenger, 1906",http://bvi.rusf.ru/taksa/i0062/0062616.jpg
3,Anura,Hylidae,Dendropsophus,parviceps,"Boulenger, 1882",http://ak2.picdn.net/shutterstock/videos/2389643/preview/stock-footage-short-headed-treefrog-dendropsophus-parviceps-male-calling-above-a-rainforest-pond.jpg
4,Anura,Mantellidae,Gephyromantis,eiselti,"Guibé, 1975",http://calphotos.berkeley.edu/imgs/512x768/1111_1111/1111/8104.jpeg
5,Temnospondyli,Plagiosauridae,Gerrothorax,pulcherrimus,"Fraas, 1913",http://upload.wikimedia.org/wikipedia/commons/4/41/Gerrothorax_BW.jpg
6,Anura,Hyperoliidae,Kassi,senegalensis,Duméril & Bibron 1841,
7,Anura,Rhacophoridae,Kurixalus,appendiculatus,"Günther, 1858",http://www.herpnation.com/wp-content/uploads/2013/09/Kurixalus-appendiculatus.jpg
8,Anura,Odontophrynidae,Odontophrynus,americanus,Duméril & Bibron 1841,http://upload.wikimedia.org/wikipedia/commons/0/0b/Odontophrynus_americanus.jpg
9,Anura,Microhylidae,Oreophryne,amiatoi,"Kraus & Allison, 2009",
